,Mean,Std
1,39.1300157343078,13.387109679402547
